"","PGenus","family"
"1","Acaena","Rosaceae"
"2","Adesmia","Fabaceae"
"6","Berberis","Berberidaceae"
"7","Bowlesia","Apiaceae"
"8","Calandrinia","Montiaceae"
"10","Cerastium","Caryophyllaceae"
"11","Chaetanthera","Asteraceae"
"13","Chuquiraga","Asteraceae"
"14","Erodium","Geraniaceae"
"15","Euphorbia","Euphorbiaceae"
"16","Haplopappus","Asteraceae"
"18","Hypochoeris","Asteraceae"
"19","Leuceria","Asteraceae"
"20","Leucocoryne","Amaryllidaceae"
"21","Mulinum","Apiaceae"
"22","Mustisia","Asteraceae"
"23","Oxalis","Oxalidaceae"
"24","Phacelia","Hydrophyllaceae"
"25","Quinchamalium","Schoepfiaceae"
"26","Rhodophiala","Amaryllidaceae"
"27","Sanicula","Apiaceae"
"28","Senecio","Asteraceae"
"30","Sisyrinchium","Iridaceae"
"31","Stachys","Lamiaceae"
"32","Tetraglochin","Rosaceae"
"33","Tristagma","Amaryllidaceae"
"34","Valeriana","Caprifoliaceae"
"35","Astragalus","Fabaceae"
"38","Calceolaria","Calceolariaceae"
"40","Clarkia","Onagraceae"
"42","Loasa","Loasaceae"
"43","Lupinus","Fabaceae"
"47","Perezia","Asteraceae"
"49","Salpiglossus","Solanaceae"
"52","Solanum","Solanaceae"
"53","Solenomelus","Iridaceae"
"54","Tropaeolum","Tropaeolaceae"
"56","Verbena","Verbenaceae"
"58","Asteriscium","Apiaceae"
"59","Barneoudia","Ranunculaceae"
"64","Cardamine","Brassicaceae"
"69","Nardophyllum","Asteraceae"
"77","Viviania","Francoaceae"
"86","Schizanthus","Solanaceae"
"87","Scypanthus","Loasaceae"
"96","Anarthrophyllum","Fabaceae"
"99","Lathyrus","Fabaceae"
"100","Madia","Asteraceae"
"106","Alstroemeria","Alstroemeriaceae"
"109","Cynoglossum","Boraginaceae"
"169","Nassauvia","Asteraceae"
"246","Oenothera","Onagraceae"
"258","Nothoscordum","Amaryllidaceae"
"263","Lepidium","Brassicaceae"
"276","Collomia","Polemoniaceae"
"285","Malesherbia","Passifloraceae"
"336","Trichocereus","Cactaceae"
"353","Hippeastrum","Amaryllidaceae"
"369","Mutisia","Asteraceae"
"405","Azorella","Apiaceae"
"407","Discaria","Rhamnaceae"
"408","Laretia","Apiaceae"
"443","Werneria","Asteraceae"
"453","Ranunculus","Ranunculaceae"
"457","Stenodraba","Brassicaceae"
"494","Viola","Violaceae"
"507","Erigeron","Asteraceae"
"561","Draba","Brassicaceae"
"569","Caiophora","Loasaceae"
"576","Oreopolus","Rubiaceae"
"582","Junellia","Verbenaceae"
"584","Nototriche","Malvaceae"
"606","Pozoa","Apiaceae"
"639","Aralia","Araliaceae"
"640","Cypripedium","Orchidaceae"
"641","Linnaea","Caprifoliaceae"
"642","Maianthemum","Asparagaceae"
"644","Chimaphila","Ericaceae"
"645","Cornus","Cornaceae"
"646","Clintonia","Liliaceae"
"655","Pyrola","Ericaceae"
"656","Trillium","Melanthiaceae"
"695","Trientalis","Primulaceae"
"774","Medeola","Liliaceae"
"806","Jamesia","Hydrangeaceae"
"807","Prunus","Rosaceae"
"808","Aconitum","Ranunculaceae"
"809","Allium","Amaryllidaceae"
"810","Arctostaphylus","Ericaceae"
"811","Aster","Asteraceae"
"813","Calochortus","Liliaceae"
"814","Campanula","Campanulaceae"
"815","Carduus","Asteraceae"
"816","Chamaenerium","Onagraceae"
"817","Chrysopsis","Asteraceae"
"818","Cleome","Cleomaceae"
"819","Delphinium","Ranunculaceae"
"820","Dodecatheon","Primulaceae"
"821","Drymocallis","Rosaceae"
"823","Fragaria","Rosaceae"
"824","Frasera","Gentianaceae"
"825","Geranium","Geraniaceae"
"826","Holodiscus","Rosaceae"
"829","Mertensia","Boraginaceae"
"830","Opulaster","Rosaceae"
"831","Pedicularis","Orobanchaceae"
"832","Penstemon","Plantaginaceae"
"833","Pentstemon","Plantaginaceae"
"836","Petalostemon","Fabaceae"
"838","Rosa","Rosaceae"
"839","Rubus","Rosaceae"
"841","Rydbergia","Asteraceae"
"842","Sedum","Crassulaceae"
"843","Sieversia","Rosaceae"
"844","Solidago","Asteraceae"
"847","Aquilegia","Ranunculaceae"
"849","Capnoides","Papaveraceae"
"851","Castilleia","Orobanchaceae"
"854","Erysimum","Brassicaceae"
"857","Heracleum","Apiaceae"
"860","Linaria","Plantaginaceae"
"861","Mentzelia","Loasaceae"
"863","Monarda","Lamiaceae"
"870","Potentilla","Rosaceae"
"889","Helianthus","Asteraceae"
"904","Stanleya","Brassicaceae"
"905","Thermopsis","Fabaceae"
"906","Trifolium","Fabaceae"
"916","Gentiana","Gentianaceae"
"922","Onagra","Onagraceae"
"935","Asclepias","Apocynaceae"
"953","Taraxacum","Asteraceae"
"954","Thalictrum","Ranunculaceae"
"955","Tradescantia","Commelinaceae"
"961","Elephantella","Orobanchaceae"
"982","Gilia","Polemoniaceae"
"998","Dasyphora","Rosaceae"
"1016","Ibidium","Orchidaceae"
"1054","Apocynum","Apocynaceae"
"1090","Scutellaria","Lamiaceae"
"1116","Aragalus","Fabaceae"
"1119","Lithospermum","Boraginaceae"
"1130","Physaria","Brassicaceae"
"1266","Lappula","Boraginaceae"
"1294","Iris","Iridaceae"
"1329","Achillea","Asteraceae"
"1330","Polygonum","Polygonaceae"
"1339","Caltha","Ranunculaceae"
"1343","Malvastrum","Malvaceae"
"1451","Oreochrysum","Asteraceae"
"1484","Silene","Caryophyllaceae"
"1488","Galium","Rubiaceae"
"1528","Pachylophus","Chloropidae"
"1595","Clementsia","Crassulaceae"
"1606","Geum","Rosaceae"
"1656","Sambucus","Adoxaceae"
"1729","Leucanthemum","Asteraceae"
"1730","Lotus","Fabaceae"
"1735","Vicia","Fabaceae"
"1742","Prunella","Lamiaceae"
"1749","Centaurea","Asteraceae"
"1775","Lychnis","Caryophyllaceae"
"1785","Cirsium","Asteraceae"
"1821","Plantago","Plantaginaceae"
"1876","Filipendula","Rosaceae"
"1881","Primula","Primulaceae"
"1887","Orchis","Orchidaceae"
"1960","Echium","Boraginaceae"
"1961","Mentha","Lamiaceae"
"1962","Pimpinella","Apiaceae"
"1963","Pterocephalus","Caprifoliaceae"
"1964","Tolpis","Asteraceae"
"1965","Argyranthemum","Asteraceae"
"1970","Spartocytisus","Fabaceae"
"1973","Nepeta","Lamiaceae"
"1981","Scrophularia","Scrophulariaceae"
"1989","Adenocarpus","Fabaceae"
"2067","Dryas","Rosaceae"
"2068","Pinguicula","Lentibulariaceae"
"2071","Rhodiola","Crassulaceae"
"2072","Rhododendron","Ericaceae"
"2073","Saxifraga","Saxifragaceae"
"2075","Trollius","Ranunculaceae"
"2076","Arabis","Brassicaceae"
"2078","Diapensia","Diapensiaceae"
"2080","Parnassia","Celastraceae"
"2094","Cassiope","Ericaceae"
"2099","Salix","Salicaceae"
"2103","Antennaria","Asteraceae"
"2203","Bartsia","Orobanchaceae"
"2308","Arenaria","Caryophyllaceae"
"2309","Armeria","Plumbaginaceae"
"2310","Arnica","Asteraceae"
"2315","Melandrium","Caryophyllaceae"
"2316","Papaver","Papaveraceae"
"2326","Vaccinium","Ericaceae"
"2356","Cochlearia","Brassicaceae"
"2368","Stellaria","Caryophyllaceae"
"2391","Epilobium","Onagraceae"
"2392","Lesquerella","Brassicaceae"
"2764","Gastonia","Araliaceae"
"2765","Hibiscus","Malvaceae"
"2766","Ipomoea","Convolvulaceae"
"2767","Leucaena","Fabaceae"
"2768","Morinda","Rubiaceae"
"2769","Passiflora","Passifloraceae"
"2770","Pemphis","Lythraceae"
"2771","Scaevola","Goodeniaceae"
"2772","Stachytapheta","Verbenaceae"
"2773","Thespesia","Malvaceae"
"2774","Tourneortia","Boraginaceae"
"2775","Turnera","Passifloraceae"
"2776","Dracaena","Asparagaceae"
"2796","Suriana","Surianaceae"
"2816","Ageretina","Asteraceae"
"2817","Anacyclus","Asteraceae"
"2818","Andryala","Asteraceae"
"2819","Galactites","Asteraceae"
"2820","Laurus","Lauraceae"
"2823","Cedronella","Lamiaceae"
"2825","Erica","Ericaceae"
"2838","Leontodon","Asteraceae"
"2839","Raphanus","Brassicaceae"
"2863","Cistus","Cistaceae"
"2867","Ilex","Aquifoliaceae"
"2870","Picconia","Oleaceae"
"2872","Rhamnus","Rhamnaceae"
"2874","Sonchus","Asteraceae"
"2877","Aichryson","Crassulaceae"
"2879","Appolonias","Lauraceae"
"2885","Hypericum","Hypericaceae"
"2904","Psoralia","Fabaceae"
"2961","Aspidonepsis","Apocynaceae"
"2962","Sisyranthus","Apocynaceae"
"2963","Xysmalobium","Apocynaceae"
"2965","Miraglossum","Apocynaceae"
"2966","Pachycarpus","Apocynaceae"
"3138","Braya","Brassicaceae"
"3243","Chamomilla","Asteraceae"
"3244","Chrysanthemum","Asteraceae"
"3247","Crocus","Iridaceae"
"3248","Ecballium","Cucurbitaceae"
"3250","Fumana","Cistaceae"
"3251","Gagea","Liliaceae"
"3252","Hirschfeldia","Brassicaceae"
"3254","Muscari","Hyacinthaceae"
"3255","Phagnalon","Asteraceae"
"3256","Scabiosa","Caprifoliaceae"
"3257","Scandix","Apiaceae"
"3258","Scilla","Hyacinthaceae"
"3259","Scorzonera","Asteraceae"
"3261","Sisymbrium","Brassicaceae"
"3262","Sternbergia","Amaryllidaceae"
"3264","Thymelaea","Thymelaeaceae"
"3265","Asparagus","Asparagaceae"
"3266","Convolvulus","Convolvulaceae"
"3270","Cyclamen","Primulaceae"
"3271","Dittrichia","Asteraceae"
"3276","Helichrysum","Asteraceae"
"3277","Heliotropium","Heliotropiaceae"
"3282","Osyris","Santalaceae"
"3283","Reseda","Resedaceae"
"3287","Thapsia","Apiaceae"
"3288","Thymus","Lamiaceae"
"3289","Tordylium","Apiaceae"
"3290","Verbascum","Scrophulariaceae"
"3291","Acanthus","Acanthaceae"
"3292","Alcea","Malvaceae"
"3293","Alkanna","Boraginaceae"
"3296","Anchusa","Boraginaceae"
"3298","Anemone","Ranunculaceae"
"3300","Anthyllis","Fabaceae"
"3302","Asphodelus","Asphodelaceae"
"3304","Ballota","Lamiaceae"
"3305","Biscutella","Brassicaceae"
"3306","Calendula","Asteraceae"
"3307","Capparis","Capparaceae"
"3308","Cardaria","Brassicaceae"
"3312","Chondrilla","Asteraceae"
"3324","Echinops","Asteraceae"
"3329","Eruca","Brassicaceae"
"3331","Fritillaria","Liliaceae"
"3336","Globularia","Plantaginaceae"
"3342","Hymenocarpus","Fabaceae"
"3347","Lamium","Lamiaceae"
"3349","Malcolmia","Brassicaceae"
"3350","Malva","Malvaceae"
"3351","Medicago","Fabaceae"
"3355","Ononis","Fabaceae"
"3356","Ornithogalum","Hyacinthaceae"
"3359","Petrorhagia","Caryophyllaceae"
"3361","Phlomis","Lamiaceae"
"3363","Prasium","Lamiaceae"
"3366","Reichardia","Asteraceae"
"3368","Salvia","Lamiaceae"
"3370","Sarcopoterium","Rosaceae"
"3371","Satureja","Lamiaceae"
"3378","Sherardia","Rubiaceae"
"3384","Teucrium","Lamiaceae"
"3389","Tremastelma","Caprifoliaceae"
"3392","Urginea","Hyacinthaceae"
"3394","Veronica","Plantaginaceae"
"3399","Bellis","Asteraceae"
"3422","Eryngium","Apiaceae"
"3442","Capsella","Brassicaceae"
"3477","Scaligeria","Apiaceae"
"3497","Bellardia","Orobanchaceae"
"3501","Crupina","Asteraceae"
"3514","Anagallis","Primulaceae"
"3581","Scolymus","Asteraceae"
"3636","Ebenus","Fabaceae"
"3685","Psoralea","Fabaceae"
"3692","Tragopogon","Asteraceae"
"3734","Daucus","Apiaceae"
"3866","Ophrys","Orchidaceae"
"3985","Pallenis","Asteraceae"
"4017","Nigella","Ranunculaceae"
"4020","Ruta","Rutaceae"
"4306","Linum","Linaceae"
"4332","Fumaria","Papaveraceae"
"6099","Arisarum","Araceae"
"6177","Calluna","Ericaceae"
"6178","Daphne","Thymelaeaceae"
"6180","Halimium","Cistaceae"
"6181","Lavandula","Lamiaceae"
"6183","Rosmarinus","Lamiaceae"
"6185","Ulex","Fabaceae"
"6190","Cytisus","Fabaceae"
"6195","Phillyrea","Oleaceae"
"6198","Stauracanthus","Fabaceae"
"6205","Smilax","Brassicaceae"
"6210","Lonicera","Caprifoliaceae"
"6226","Myrtus","Myrtaceae"
"6294","Helianthemum","Cistaceae"
"6332","Chamaerops","Arecaceae"
"6590","Eupatorium","Asteraceae"
"6591","Knautia","Caprifoliaceae"
"6595","Angelica","Apiaceae"
"6603","Torilis","Apiaceae"
"6623","Chamerion","Onagraceae"
"6626","Aethusa","Apiaceae"
"6627","Agrimonia","Rosaceae"
"6629","Clematis","Ranunculaceae"
"6655","Crepis","Asteraceae"
"6706","Euphrasia","Orobanchaceae"
"6889","Tripleurospermum","Asteraceae"
"6890","Calystegia","Convolvulaceae"
"6895","Melilotus","Fabaceae"
"6896","Myosotis","Boraginaceae"
"6917","Tanacetum","Asteraceae"
"6940","Chaerophyllum","Apiaceae"
"6961","Aegopodium","Apiaceae"
"6963","Lapsana","Asteraceae"
"6984","Juncus","Juncaceae"
"7270","Craspedia","Asteraceae"
"7271","Pimelea","Thymelaeaceae"
"7274","Epacris","Ericaceae"
"7276","Kunzea","Myrtaceae"
"7277","Microseris","Asteraceae"
"7278","Orites","Proteaceae"
"7279","Oxylobium","Fabaceae"
"7280","Prostanthera","Lamiaceae"
"7281","Richea","Ericaceae"
"7283","Wahlenbergia","Campanulaceae"
"7284","Aciphylla","Apiaceae"
"7285","Baeckia","Myrtaceae"
"7286","Brachycome","Asteraceae"
"7288","Celmisia","Asteraceae"
"7291","Gentianella","Gentianaceae"
"7295","Leptorhynchos","Asteraceae"
"7296","Leucopogon","Ericaceae"
"7299","Phebalium","Rutaceae"
"7301","Prasophyllum","Orchidaceae"
"7346","Helipterum","Asteraceae"
"7365","Asperula","Rubiaceae"
"7371","Neopaxia","Portulacaceae"
"7372","Olearia","Asteraceae"
"7377","Stackhousia","Celastraceae"
"7433","Pentachondra","Ericaceae"
"7464","Stylidium","Stylidiaceae"
"7612","Ranumculus","Ranunculaceae"
"7724","Corydalis","Papaveraceae"
"7725","Castanea","Fagaceae"
"7726","Phellodendron","Rutaceae"
"7728","Hydrangea","Hydrangeaceae"
"7729","Rabdosia","Lamiaceae"
"7730","Rhus","Anacardiaceae"
"7731","Weigela","Caprifoliaceae"
"7732","Anthriscus","Apiaceae"
"7733","Cardiandra","Hydrangeaceae"
"7734","Euonymus","Celastraceae"
"7737","Persicaria","Polygonaceae"
"7744","Swida","Cornaceae"
"7745","Viburnum","Adoxaceae"
"7754","Ixeris","Asteraceae"
"7755","Adenocaulon","Asteraceae"
"7757","Antenoron","Polygonaceae"
"7764","Astilbe","Saxifragaceae"
"7766","Deutzia","Hydrangeaceae"
"7770","Lysimachia","Primulaceae"
"7773","Ainsliaea","Asteraceae"
"7774","Alangium","Cornaceae"
"7775","Caryopteris","Lamiaceae"
"7780","Disporum","Colchicaceae"
"7781","Hovenia","Rhamnaceae"
"7784","Impatiens","Balsaminaceae"
"7786","Lespedeza","Fabaceae"
"7787","Ligustrum","Oleaceae"
"7790","Polygonatum","Asparagaceae"
"7794","Styrax","Styracaceae"
"7795","Tricyrtis","Liliaceae"
"7797","Aesculus","Sapindaceae"
"7799","Cacalia","Asteraceae"
"7803","Clinopodium","Lamiaceae"
"7804","Commelina","Commelinaceae"
"7819","Spuriopimpinella","Apiaceae"
"7820","Tripterospermum","Gentianaceae"
"7825","Bistorta","Polygonaceae"
"7830","Kalimeris","Asteraceae"
"7838","Stenactis","Asteraceae"
"7860","Reynoutria","Polygonaceae"
"7862","Stachyurus","Stachyuraceae"
"7879","Siegesbeckia","Asteraceae"
"7881","Symplocos","Symplocaceae"
"7940","Benthamida","Cornaceae"
"7957","Aruncus","Rosaceae"
"7965","Ampelopsis","Vitaceae"
"8046","Epimedium","Berberidaceae"
"8051","Magnolia","Magnoliaceae"
"8076","Patrinia","Caprifoliaceae"
"8105","Acer","Sapindaceae"
"8159","Desmodium","Fabaceae"
"8168","Petasites","Asteraceae"
"8179","Aucuba","Garryaceae"
"8312","Carpesium","Asteraceae"
"8518","Cryptotaenia","Apiaceae"
"8923","Tarasa","Malvaceae"
"8925","Montiopsis","Montiaceae"
"8938","Jaborosa","Solanaceae"
"8947","Menonvillea","Brassicaceae"
"9001","Grindelia","Asteraceae"
"9003","Arjona","Schoepfiaceae"
"9008","Hysterionica","Asteraceae"
"9009","Larrea","Zygophyllaceae"
"9010","Rapistrum","Brassicaceae"
"9014","Thelesperma","Asteraceae"
"9015","Baccharis","Asteraceae"
"9023","Mimulus","Phrymaceae"
"9027","Opuntia","Cactaceae"
"9028","Pyrrhocactus","Cactaceae"
"9046","Lecanophora","Malvaceae"
"9056","Polygala","Polygalaceae"
"9138","Oxytropis","Fabaceae"
"9164","Claytonia","Montiaceae"
"9165","Erythronium","Liliaceae"
"9166","Hepatica","Ranunculaceae"
"9167","Sangiunaria","Papaveraceae"
"9170","Tiarella","Saxifragaceae"
"9193","Uvularia","Colchicaceae"
"9208","Podophyllum","Berberidaceae"
"9306","Abelmoschus","Malvaceae"
"9307","Abutilon","Malvaceae"
"9308","Acacia","Fabaceae"
"9310","Bacopa","Plantaginaceae"
"9311","Bastardia","Malvaceae"
"9312","Bidens","Asteraceae"
"9313","Brassica","Brassicaceae"
"9314","Bursera","Burseraceae"
"9315","Caesalpinia","Fabaceae"
"9316","Canna","Cannaceae"
"9317","Cardiospermum","Sapindaceae"
"9318","Cassia","Fabaceae"
"9320","Castela","Simaroubaceae"
"9321","Chicocca","Rubiaceae"
"9322","Clerodendrum","Lamiaceae"
"9325","Coffea","Rubiaceae"
"9326","Commicarpus","Nyctaginaceae"
"9327","Cordia","Cordiaceae"
"9329","Crotalaria","Fabaceae"
"9330","Cryptocarpus","Nyctaginaceae"
"9331","Cucurbita","Cucurbitaceae"
"9332","Cuphea","Lythraceae"
"9333","Darwiniothamnus","Asteraceae"
"9335","Galactea","Fabaceae"
"9336","Galvezia","Plantaginaceae"
"9338","Geoffroea","Fabaceae"
"9339","Gossypium","Malvaceae"
"9341","Inga","Fabaceae"
"9344","Justicia","Acanthaceae"
"9345","Lantana","Verbenaceae"
"9346","Lycopersicon","Solanaceae"
"9347","Macraea","Asteraceae"
"9350","Miconia","Melastomataceae"
"9351","Mirabilis","Nyctaginaceae"
"9352","Mormordica","Cucurbitaceae"
"9353","Nolana","Solanaceae"
"9357","Parkinsonia","Fabaceae"
"9359","Persea","Lauraceae"
"9360","Physalis","Solanaceae"
"9361","Piscidia","Fabaceae"
"9362","Plumbago","Plumbaginaceae"
"9363","Portulaca","Portulacaceae"
"9364","Prosopis","Fabaceae"
"9365","Psidium","Myrtaceae"
"9366","Psychotria","Rubiaceae"
"9367","Rhynchosia","Fabaceae"
"9368","Scalesia","Asteraceae"
"9372","Scaveola","Goodeniaceae"
"9373","Sesuvium","Aizoaceae"
"9374","Sida","Malvaceae"
"9380","Stachtarpheta","Verbenaceae"
"9381","Tetramerium","Acanthaceae"
"9382","Tribulus","Zygophyllaceae"
"9383","Vallesia","Apocynaceae"
"9384","Vigna","Fabaceae"
"9385","Waltheria","Malvaceae"
"9387","Bougainvillea","Nyctaginaceae"
"9390","Catharanthus","Apocynaceae"
"9392","Diodia","Rubiaceae"
"9399","Tournefortia","Heliotropiaceae"
"9404","Phyla","Verbenaceae"
"9412","Croton","Euphorbiaceae"
"9417","Ageratum","Asteraceae"
"9420","Jaegeria","Asteraceae"
"9431","Capsicum","Solanaceae"
"9436","Setaria","Poaceae"
"9438","Cacabus","Solanaceae"
"9439","Carica","Caricaceae"
"9467","Avicennia","Acanthaceae"
"9488","Encelia","Asteraceae"
"9510","Cassinia","Asteraceae"
"9515","Hoheria","Malvaceae"
"9516","Parahebe","Plantaginaceae"
"9521","Hebe","Plantaginaceae"
"9523","Pratia","Campanulaceae"
"9539","Ourisia","Plantaginaceae"
"9636","Leptospermum","Myrtaceae"
"9639","Corokia","Argophyllaceae"
"9645","Raoulia","Asteraceae"
"9658","Isotoma","Campanulaceae"
"9685","Muehlenbeckia","Polygonaceae"
"9703","Dracuphyllum","Ericaceae"
"9762","Brachyome","Asteraceae"
"9817","Carmichaelia","Fabaceae"
"9835","Marrubium","Lamiaceae"
"9873","Digitalis","Plantaginaceae"
"10005","Hieracium","Asteraceae"
"10016","Hypochaeris","Asteraceae"
"10021","Cotula","Asteraceae"
"10023","Dracophyllum","Ericaceae"
"10030","Anisotome","Apiaceae"
"10035","Drapetes","Thymelaeaceae"
"10042","Leucogenes","Asteraceae"
"10043","Phyllachne","Stylidiaceae"
"10049","Donatia","Stylidiaceae"
"10350","Besmoscelis","Unresolved"
"10352","Hyptis","Lamiaceae"
"10353","Ludwigia","Onagraceae"
"10354","Mimosa","Fabaceae"
"10355","Shultesia","Gentianaceae"
"10356","Synqonanthus","Eriocaulaceae"
"10357","Xyris","Xyridaceae"
"10363","Melochia","Malvaceae"
"10364","Pterolepis","Melastomataceae"
"10367","Saggitaria","Alismataceae"
"10368","Sauvagesia","Ochnaceae"
"10370","Tyttnera","Unresolved"
"10373","Caperonia","Euphorbiaceae"
"10380","Rhynchanthera","Melastomataceae"
"10381","Aeschynomene","Fabaceae"
"10407","Heliconia","Heliconiaceae"
"10408","Sinningia","Gesneriaceae"
"10436","Clidemia","Melastomataceae"
"10440","Montricharida","Araceae"
"10443","Thalia","Marantaceae"
"10459","Bonnetia","Bonnetiaceae"
"10460","Clusia","Clusiaceae"
"10462","Digomphia","Bignoniaceae"
"10463","Heliamphora","Sarraceniaceae"
"10464","Humiria","Humiriaceae"
"10465","Macairea","Melastomataceae"
"10466","Pagameopsis","Rubiaceae"
"10467","Phthirusa","Loranthaceae"
"10468","Poecilandra","Ochnaceae"
"10469","Siphanthera","Melastomataceae"
"10470","Stegolepsis","Rapateaceae"
"10471","Ternstroemia","Pentaphylacaceae"
"10473","Vernonia","Asteraceae"
"10474","Vismia","Hypericaceae"
"10476","Brocchinia","Bromeliaceae"
"10479","Calea","Asteraceae"
"10481","Galactophora","Apocynaceae"
"10484","Meriana","Convolvulaceae"
"10486","Tibouchina","Melastomataceae"
"10498","Sobralia","Orchidaceae"
"10501","Befaria","Ericaceae"
"10506","Epistephium","Orchidaceae"
"10510","Chromolanea","Asteraceae"
"10511","Epidendrum","Orchidaceae"
"10512","Eriopsis","Orchidaceae"
"10516","Tococa","Melastomataceae"
"10521","Mandevilla","Apocynaceae"
"10528","Notopora","Ericaceae"
"10529","Pogonia","Orchidaceae"
"10530","Remijia","Rubiaceae"
"10543","Cybianthus","Primulaceae"
"10544","Declieuxia","Rubiaceae"
"10551","Marcetia","Melastomataceae"
"10556","Sipanea","Rubiaceae"
"10557","Borreria","Rubiaceae"
"10562","Irlbachia","Gentianaceae"
"10571","Mikania","Asteraceae"
"10582","Catasetum","Orchidaceae"
"10584","Cyrilla","Cyrillaceae"
"10596","Philodendron","Araceae"
"10615","Isopyrum","Ranunculaceae"
"10617","Dentaria","Brassicaceae"
"10620","Dicentra","Papaveraceae"
"10623","Sanguinaria","Papaveraceae"
"10680","Gaylussacia","Ericaceae"
"10681","Ledum","Ericaceae"
"10683","Spiraea","Rosaceae"
"10685","Kalmia","Ericaceae"
"10687","Nemopanthus","Aquifoliaceae"
"10688","Smilacina","Asparagaceae"
"10690","Aronia","Rosaceae"
"10700","Chamaedaphne","Ericaceae"
"10712","Calopogon","Orchidaceae"
"10733","Andromeda","Ericaceae"
"10821","Amomyrtus","Myrtaceae"
"10823","Asteranthera","Gesneriaceae"
"10826","Caldcluvia","Cunoniaceae"
"10827","Eucryphia","Cunoniaceae"
"10828","Gaultheria","Ericaceae"
"10830","Luma","Myrtaceae"
"10831","Luzuriaga","Alstroemeriaceae"
"10833","Mitraria","Gesneriaceae"
"10834","Myrceugenia","Myrtaceae"
"10837","Ovidia","Thymelaeaceae"
"10838","Rhaphithamnus","Verbenaceae"
"10839","Tepualia","Myrtaceae"
"10840","Ugni","Myrtaceae"
"10842","Gevuina","Proteaceae"
"10848","Embothrium","Proteaceae"
"10871","Myrteola","Myrtaceae"
"11133","Alternanthera","Amaranthaceae"
"11135","Bauhinia","Fabaceae"
"11139","Capraria","Scrophulariaceae"
"11142","Ehretia","Ehretiaceae"
"11143","Evolvulus","Convolvulaceae"
"11148","Sarcostemma","Apocynaceae"
"11149","Spilanthes","Asteraceae"
"11150","Stachytarpheta","Verbenaceae"
"11153","Merremia","Convolvulaceae"
"11163","Argythamnia","Euphorbiaceae"
"11165","Blechum","Acanthaceae"
"11167","Bourreria","Ehretiaceae"
"11168","Broughtonia","Orchidaceae"
"11171","Cissus","Vitaceae"
"11172","Conocarpus","Combretaceae"
"11179","Guazuma","Malvaceae"
"11180","Indigofera","Fabaceae"
"11182","Jacquinia","Primulaceae"
"11184","Malpighia","Malpighiaceae"
"11188","Philoxerus","Amaranthaceae"
"11191","Urechites","Apocynaceae"
"11202","Lippia","Verbenaceae"
"11203","Momordica","Cucurbitaceae"
"11205","Rhabdadenia","Apocynaceae"
"11207","Stylosanthes","Fabaceae"
"11208","Thunbergia","Acanthaceae"
"11259","Ascleptas","Apocynaceae"
"11267","Byrsonia","Malpighiaceae"
"11297","Bunchosia","Malpighiaceae"
"11311","Azorina","Campanulaceae"
"11313","Reseada","Resedaceae"
"11321","Crithmum","Apiaceae"
"11325","Beta","Amaranthaceae"
"11329","Freesia","Iridaceae"
"11496","Plocama","Rubiaceae"
"11497","Sideritis","Lamiaceae"
"11499","Bituminaria","Fabaceae"
"11504","Fagonia","Zygophyllaceae"
"11514","Ceballosia","Heliotropiaceae"
"11621","Dendropanax","Araliaceae"
"11624","Unidentified","Unresolved"
"11629","Petiveria","Petiveriaceae"
"11630","Pilea","Urticaceae"
"11631","Portlandia","Loganiaceae"
"11633","Spermacoce","Rubiaceae"
"11637","Blakea","Melastomataceae"
"11651","Aechmea","Bromeliaceae"
"11652","Byrsonima","Malpighiaceae"
"11677","Nectandra","Lauraceae"
"11689","Guarea","Meliaceae"
"11699","Wallenia","Primulaceae"
"11735","Calliandra","Fabaceae"
"11738","Daphnopsis","Thymelaeaceae"
"11739","Gonzalagunia","Rubiaceae"
"11744","Wedelia","Asteraceae"
"11750","Stigmaphyllon","Malpighiaceae"
"11754","Guettarda","Rubiaceae"
"11761","Chamaecrista","Fabaceae"
"11764","Cornutia","Lamiaceae"
"11770","Odontonema","Acanthaceae"
"11772","Palicourea","Rubiaceae"
"11782","Tetrazygia","Melastomataceae"
"11798","Coccoloba","Polygonaceae"
"11878","Centrosema","Fabaceae"
"11880","Chiococa","Rubiaceae"
"11884","Jasminoserius","Cactaceae"
"11888","Pectis","Asteraceae"
"12155","Mallotus","Euphorbiaceae"
"12156","Schima","Theaceae"
"12160","Crepidiastrum","Asteraceae"
"12164","Heritiera","Malvaceae"
"12167","Elaeocarpus","Elaeocarpaceae"
"12168","Youngia","Asteraceae"
"12169","Glochidion","Phyllanthaceae"
"12170","Ardisia","Primulaceae"
"12173","Callicarpa","Lamiaceae"
"12174","Castanopsis","Fagaceae"
"12175","Cinnamomum","Lauraceae"
"12179","Diospyrus","Ebenaceae"
"12181","Euodia","Rutaceae"
"12183","Kandetia","Rhizophoraceae"
"12184","Lagerstroemia","Lythraceae"
"12188","Peucedanum","Apiaceae"
"12189","Rhamnella","Rhamnaceae"
"12191","Schefflera","Araliaceae"
"12193","Wendtandia","Rubiaceae"
"12195","Ampetopsis","Vitaceae"
"12209","Meliosma","Sabiaceae"
"12210","Premna","Lamiaceae"
"12213","Actinidia","Actinidiaceae"
"12216","Canavalia","Fabaceae"
"12217","Cerbera","Apocynaceae"
"12225","Maackia","Fabaceae"
"12227","Musaenda","Rubiaceae"
"12233","Vitex","Lamiaceae"
"12243","Trema","Cannabaceae"
"12260","Alocasia","Araceae"
"12262","Bredia","Melastomataceae"
"12264","Melastoma","Melastomataceae"
"12265","Pollia","Commelinaceae"
"12271","PittosPorum","Pittosporaceae"
"12275","Euscaphis","Staphyleaceae"
"12276","Maesa","Primulaceae"
"12289","Ajuga","Lamiaceae"
"12293","Rhaphiolepis","Rosaceae"
"12299","VVedelia","Asteraceae"
"12307","Litsea","Lauraceae"
"12323","Piper","Piperaceae"
"12335","Machitus","Lauraceae"
"12343","Musa","Musaceae"
"12372","Alpinia","Zingiberaceae"
"12381","Farfugium","Asteraceae"
"12382","Aeginetia","Orobanchaceae"
"12398","Scleria","Cyperaceae"
"12428","Barringtonia","Lecythidaceae"
"12459","Mosla","Lamiaceae"
"12483","Securinega","Phyllanthaceae"
"12548","Blastus","Melastomataceae"
"12552","Rhynchotechum","Gesneriaceae"
"12576","Stauntonia","Lardizabalaceae"
"12580","Antidesma","Phyllanthaceae"
"12594","Salsola","Chenopodiaceae"
"12613","Pandanus","Pandanaceae"
"12616","Metothria","Cucurbitaceae"
"12632","Croomia","Stemonaceae"
"12830","Ormocaipum","Fabaceae"
"12870","Belamcanda","Iridaceae"
"12898","Myrsine","Primulaceae"
"12952","Pinus","Pinaceae"
"13001","Eurya","Pentaphylacaceae"
"13087","Lasianthus","Rubiaceae"
"13286","Viscaria","Caryophyllaceae"
"13355","Trfolium","Fabaceae"
"13371","Umbellifer","Apiaceae"
"13635","Empetrum","Ericaceae"
"13640","Scorzonea","Asteraceae"
"13682","Genista","Fabaceae"
"14050","Succisa","Caprifoliaceae"
"14078","Sorbus","Rosaceae"
"14087","Galeopsis","Lamiaceae"
"14747","Lythrum","Lythraceae"
"15307","Parolinea","Unresolved"
"15343","Noechamaelea","Rutaceae"
"15344","Periploca","Apocynaceae"
"15393","Schinus","Anacardiaceae"
"15402","Tristerix","Loranthaceae"
"15405","Aristotelia","Elaeocarpaceae"
"15423","Ribes","Grossulariaceae"
"15438","Cynanchum","Apocynaceae"
"15494","Gavilea","Orchidaceae"
"15594","Tofieldia","Tofieldiaceae"
"15649","Anaphalis","Asteraceae"
"15650","Benthamidia","Cornaceae"
"15652","Hemerocallis","Asphodelaceae"
"15654","Ligularia","Asteraceae"
"15659","Saussurea","Asteraceae"
"15668","Abelia","Caprifoliaceae"
"15670","Cimicifuga","Ranunculaceae"
"15675","Isodon","Lamiaceae"
"15686","Inula","Asteraceae"
"15687","Lilium","Liliaceae"
"15689","Hydrocotyle","Araliaceae"
"15690","Heteropappus","Asteraceae"
"15695","Moehringia","Caryophyllaceae"
"15715","Clethra","Clethraceae"
"15721","Lyonia","Ericaceae"
"15735","Pieris","Ericaceae"
"15740","Sophora","Fabaceae"
"15752","Swertia","Gentianaceae"
"15770","Pseudostellaria","Caryophyllaceae"
"15785","Chionographis","Melanthiaceae"
"15786","Dianthus","Caryophyllaceae"
"15801","Adenophora","Campanulaceae"
"15823","Quercus","Fagaceae"
"15866","Synurus","Asteraceae"
"15889","Paederia","Rubiaceae"
"15924","Lindera","Lauraceae"
"15938","Veratrum","Melanthiaceae"
"15969","Aletris","Nartheciaceae"
"15973","Cephalantera","Orchidaceae"
"16002","Codonopsis","Campanulaceae"
"16049","Schizophragma","Hydrangeaceae"
"16062","Dioscorea","Dioscoreaceae"
"16101","Sanguisorba","Rosaceae"
"16142","Luzula","Juncaceae"
"16145","Staphylea","Staphyleaceae"
"16157","Arisaema","Araceae"
"16238","Enkianthus","Ericaceae"
"16239","Malus","Rosaceae"
"16246","Cayratia","Vitaceae"
"16247","Elaeagnus","Elaeagnaceae"
"16257","Tilia","Malvaceae"
"16259","Pyracantha","Rosaceae"
"16262","Besella","Basellaceae"
"16264","Kerria","Rosaceae"
"16267","Philadelphus","Hydrangeaceae"
"16276","Citrus","Rutaceae"
"16280","Itea","Iteaceae"
"16281","Photinia","Rosaceae"
"16290","Syringa","Oleaceae"
"16292","Campsis","Bignoniaceae"
"16301","Spiranthes","Orchidaceae"
"16308","Cladrastis","Fabaceae"
"16317","Mahonia","Berberidaceae"
"16334","Stewartia","Theaceae"
"16345","Coreopsis","Asteraceae"
"16386","Liriope","Asparagaceae"
"16388","Nandina","Berberidaceae"
"16416","Veronicastrum","Plantaginaceae"
"16418","Edgeworthia","Thymelaeaceae"
"16426","Ulmus","Ulmaceae"
"16436","Camellia","Theaceae"
"16497","Rorippa","Brassicaceae"
"16522","Phytolacca","Phytolaccaceae"
"16560","Serissa","Rubiaceae"
"16570","Clerodendron","Lamiaceae"
"16597","Buddleia","Scrophulariaceae"
"16598","Cercis","Fabaceae"
"16604","Fraxinus","Oleaceae"
"16619","Wisteria","Fabaceae"
"16625","Idesia","Salicaceae"
"16723","Phlox","Polemoniaceae"
"16807","Fatsia","Araliaceae"
"16832","Forsythia","Oleaceae"
"17015","Chelidonium","Papaveraceae"
"17017","Hosta","Asparagaceae"
"17018","Houttuynia","Saururaceae"
"17019","Leesia","Poaceae"
"17020","Mosta","Unresolved"
"17021","Sagittaria","Alismataceae"
"17023","Isachne","Poaceae"
"17025","Murdannia","Commelinaceae"
"17028","Prenanthes","Asteraceae"
"17031","Eusteratis","Lamiaceae"
"17058","Lycopus","Lamiaceae"
"17059","Monochoria","Pontederiaceae"
"17068","Alisma","Alismataceae"
"17071","Limophila","Plantaginaceae"
"17079","Ptantago","Plantaginaceae"
"17082","Scirpus","Cyperaceae"
"17113","Oenanthe","Apiaceae"
"17146","Alium","Amaryllidaceae"
"17156","Lindernia","Linderniaceae"
"17199","Hydrocharis","Hydrocharitaceae"
"17236","Phragmites","Poaceae"
"17245","Nymphaea","Nymphaeaceae"
"17322","Typha","Typhaceae"
"17342","Lactuca","Asteraceae"
"17451","Libanotis","Apiaceae"
"17460","Serratula","Asteraceae"
"17483","Agrostis","Poaceae"
"17489","Poa","Poaceae"
"17497","Polemonium","Polemoniaceae"
"17522","Chamaenerion","Onagraceae"
"17586","Rodgersia","Saxifragaceae"
"17685","Meehania","Lamiaceae"
"17708","Menziesia","Ericaceae"
"17745","Picris","Asteraceae"
"17948","Gymnadenia","Orchidaceae"
"18314","Omphalodes","Boraginaceae"
"18338","Macleaya","Papaveraceae"
"18349","Glechoma","Lamiaceae"
"18359","Euptelea","Eupteleaceae"
"18377","Calamagrostis","Poaceae"
"18379","Carex","Cyperaceae"
"18384","Digitaria","Poaceae"
"18385","Duchesnea","Rosaceae"
"18390","Orixa","Rutaceae"
"18396","Stephanandra","Rosaceae"
"18411","Albizzia","Fabaceae"
"18412","Amphicarpaea","Fabaceae"
"18422","Dipsacus","Caprifoliaceae"
"18428","Leucosceptrum","Lamiaceae"
"18483","Osterium","Apiaceae"
"18531","Aralta","Araliaceae"
"18566","Eriobotrya","Rosaceae"
"18575","Achyranthes","Amaranthaceae"
"18761","Trigonotis","Boraginaceae"
"19016","Paeonia","Paeoniaceae"
"19474","Akebia","Lardizabalaceae"
"20233","Carpobrotus","Aizoaceae"
"20258","Urospermum","Asteraceae"
"20267","Aetheorrina","Unresolved"
"20275","Alyssum","Brassicaceae"
"20292","Equium","Boraginaceae"
"20329","Vicea","Fabaceae"
"20417","Dorychnium","Fabaceae"
"20552","Banisteriopsis","Malpighiaceae"
"20554","Diplopterys","Malpighiaceae"
"20555","Heteropterys","Malpighiaceae"
"20560","Carolus","Malpighiaceae"
"20561","Dicella","Malpighiaceae"
"20565","Janusia","Malpighiaceae"
"20623","Agauria","Ericaceae"
"20624","Antirhea","Rubiaceae"
"20625","Aphloia","Aphloiaceae"
"20626","Badula","Primulaceae"
"20627","Bakerella","Loranthaceae"
"20628","Bertiera","Rubiaceae"
"20629","Calophyllum","Calophyllaceae"
"20630","Casearia","Salicaceae"
"20631","Chassalia","Rubiaceae"
"20634","Cordemoya","Euphorbiaceae"
"20636","Diospyros","Ebenaceae"
"20638","Erythroxylum","Erythroxylaceae"
"20639","Eugenia","Myrtaceae"
"20642","Faujasiopsis","Asteraceae"
"20643","Flagellaria","Flagellariaceae"
"20644","Gaertnera","Rubiaceae"
"20653","Geniostoma","Loganiaceae"
"20654","Grangeria","Chrysobalanaceae"
"20656","Labourdonnaisia","Sapotaceae"
"20657","Memecylon","Melastomataceae"
"20658","Mimusops","Sapotaceae"
"20659","Molinaea","Sapindaceae"
"20660","Monimiastrum","Myrtaceae"
"20661","Myonima","Rubiaceae"
"20662","Ochna","Ochnaceae"
"20663","Olea","Oleaceae"
"20666","Pittosporum","Pittosporaceae"
"20667","Psiadia","Asteraceae"
"20669","Pyrostria","Rubiaceae"
"20670","Roussea","Rousseaceae"
"20672","Sideroxylon","Sapotaceae"
"20675","Stillingia","Euphorbiaceae"
"20676","Syzygium","Myrtaceae"
"20679","Trochetia","Malvaceae"
"20680","Turraea","Meliaceae"
"20681","Warneckea","Melastomataceae"
"20695","Dodonaea","Sapindaceae"
"20696","Doratoxylon","Sapindaceae"
"20698","Embelia","Primulaceae"
"20699","Erythrospermum","Achariaceae"
"20707","Homalanthus","Euphorbiaceae"
"20716","Pleurostylia","Celastraceae"
"20717","Polyscias","Araliaceae"
"20727","Toddalia","Rutaceae"
"20760","Claoxylon","Euphorbiaceae"
"20776","Ocotea","Lauraceae"
"20777","Phyllanthus","Phyllanthaceae"
"20824","Harungana","Hypericaceae"
"20844","Tristhema","Melastomataceae"
"20847","Xylopia","Annonaceae"
"21066","Psathura","Rubiaceae"
"21552","Tabernaemontana","Apocynaceae"
"21786","Wikstroemia","Thymelaeaceae"
"21882","Alstonia","Apocynaceae"
"21884","Canthium","Rubiaceae"
"21885","Chrysobalanus","Chrysobalanaceae"
"21887","Colea","Bignoniaceae"
"21888","Craterispermum","Rubiaceae"
"21889","Deckenia","Arecaceae"
"21890","Dillenia","Dilleniaceae"
"21895","Excoecaria","Euphorbiaceae"
"21897","Medusagyne","Ochnaceae"
"21900","Nepenthes","Nepenthaceae"
"21901","Nephrosperma","Arecaceae"
"21902","Northea","Sapotaceae"
"21904","Paragenipa","Rubiaceae"
"21905","Paraserianthes","Fabaceae"
"21906","Phoenicophorium","Arecaceae"
"21911","Roscheria","Arecaceae"
"21938","Timonius","Rubiaceae"
"21949","Campnosperma","Anacardiaceae"
"21958","Soulamea","Simaroubaceae"
"22331","Glionnetia","Rubiaceae"
"22525","Ixora","Rubiaceae"
"22612","Ambrosia","Asteraceae"
"22616","Blephilia","Lamiaceae"
"22617","Crataegus","Rosaceae"
"22620","Gaura","Onagraceae"
"22623","Ilysanthes","Linderniaceae"
"22630","Steironema","Primulaceae"
"22632","Stenanthium","Melanthiaceae"
"22634","Ammannia","Lythraceae"
"22635","Amorpha","Fabaceae"
"22637","Comandra","Comandraceae"
"22644","Orobanche","Orobanchaceae"
"22648","Anthemis","Asteraceae"
"22649","Apios","Fabaceae"
"22655","Boltonia","Asteraceae"
"22656","Cephalanthus","Rubiaceae"
"22662","Hypoxis","Hypoxidaceae"
"22672","Krigia","Asteraceae"
"22677","Leonurus","Lamiaceae"
"22678","Lepachys","Asteraceae"
"22680","Celastrus","Celastraceae"
"22686","Dianthera","Acanthaceae"
"22687","Dirca","Thymelaeaceae"
"22693","Zanthoxylum","Rutaceae"
"22698","Arctium","Asteraceae"
"22702","Baptisia","Fabaceae"
"22704","Brauneria","Asteraceae"
"22710","Datura","Solanaceae"
"22714","Erechthites","Asteraceae"
"22716","Gymnocladus","Fabaceae"
"22718","Heuchera","Saxifragaceae"
"22720","Lobelia","Campanulaceae"
"22722","Ludvigia","Onagraceae"
"22723","Panicum","Poaceae"
"22726","Thaspium","Apiaceae"
"22734","Pycnanthemum","Lamiaceae"
"22735","Radicula","Brassicaceae"
"22742","Robinia","Fabaceae"
"22747","Rudbeckia","Asteraceae"
"22748","Ruellia","Acanthaceae"
"22762","Specularia","Campanulaceae"
"22766","Strophostyles","Fabaceae"
"22768","Taenidia","Apiaceae"
"22773","Valerianella","Caprifoliaceae"
"22778","Amaranthus","Amaranthaceae"
"22785","Collinsia","Plantaginaceae"
"22814","Vitis","Vitaceae"
"22831","Eulophus","Eulophidae"
"22836","Gerardia","Orobanchaceae"
"22839","Hedeoma","Lamiaceae"
"22840","Helenium","Asteraceae"
"22841","Heliopsis","Asteraceae"
"22843","Houstonia","Rubiaceae"
"22849","Pastinaca","Apiaceae"
"22853","Pontederia","Pontederiaceae"
"22869","Hydrophyllum","Hydrophyllaceae"
"22882","Amelanchier","Rosaceae"
"22885","Actinomeris","Asteraceae"
"22888","Castilleja","Orobanchaceae"
"22889","Circaea","Onagraceae"
"22897","Amphicarpa","Fabaceae"
"22921","Evonymus","Celastraceae"
"22932","Martynia","Martyniaceae"
"22933","Nelumbo","Nelumbonaceae"
"22944","Zizia","Apiaceae"
"22949","Agastache","Lamiaceae"
"22955","Anethum","Apiaceae"
"22965","Castalia","Hyriidae"
"22967","Caulophyllum","Berberidaceae"
"22968","Ceanothus","Rhamnaceae"
"22976","Cicuta","Apiaceae"
"22992","Liatris","Asteraceae"
"22995","Liparis","Orchidaceae"
"23013","Gnaphalium","Asteraceae"
"23024","Polytaenia","Apiaceae"
"23025","Populus","Salicaceae"
"23027","Symphoricarpos","Caprifoliaceae"
"23028","Psedera","Vitaceae"
"23033","Tecoma","Bignoniaceae"
"23057","Zea","Poaceae"
"23063","Actea","Ranunculaceae"
"23092","Habenaria","Orchidaceae"
"23099","Melanthium","Melanthiaceae"
"23101","Mollugo","Molluginaceae"
"23114","Sebatia","Gentianaceae"
"23120","Triosteum","Caprifoliaceae"
"23131","Verbesina","Asteraceae"
"23166","Oxypolis","Apiaceae"
"23198","Sicyos","Cucurbitaceae"
"23203","Aristolochia","Aristolochiaceae"
"23219","Cuscuta","Convolvulaceae"
"23260","Echinocystis","Cucurbitaceae"
"23274","Sium","Apiaceae"
"23292","Anemonella","Ranunculaceae"
"23304","Ascerates","Apocynaceae"
"23368","Gleditsia","Fabaceae"
"23370","Gonolobus","Apocynaceae"
"23371","Gratiola","Plantaginaceae"
"23389","Phryma","Phrymaceae"
"23392","Physostegia","Lamiaceae"
"23453","Camassia","Asparagaceae"
"23487","Erigenia","Apiaceae"
"23508","Hybanthus","Violaceae"
"23540","Parthenium","Asteraceae"
"23548","Seymeria","Orobanchaceae"
"23552","Silphium","Asteraceae"
"23573","Tephrosia","Fabaceae"
"23631","Asiminia","Annonaceae"
"23982","Osmorrhiza","Apiaceae"
"24005","Samolus","Primulaceae"
"24055","Gillenia","Rosaceae"
"24096","Petalostemum","Fabaceae"
"24108","Pyrus","Rosaceae"
"24220","Sassafras","Lauraceae"
"24284","Myosurus","Ranunculaceae"
"24292","Ptelea","Rutaceae"
"24417","Saponaria","Caryophyllaceae"
"24478","Ellisia","Hydrophyllaceae"
"37866","Geissomeria","Acanthaceae"
"37869","Mendoncia","Acanthaceae"
"37870","Corymborkis","Orchidaceae"
"37871","Fridericia","Bignoniaceae"
"37900","Billbergia","Bromeliaceae"
"37902","Bomarea","Alstroemeriaceae"
"37903","Fuchsia","Onagraceae"
"37905","Manettia","Rubiaceae"
"37906","Nematanthus","Gesneriaceae"
"37909","Pitcaimia","Bromeliaceae"
"37910","Pyrostegia","Bignoniaceae"
"37914","Staurogyne","Acanthaceae"
"37915","Stromanthe","Marantaceae"
"37916","Tillandsia","Bromeliaceae"
"37931","Nidularium","Bromeliaceae"
"37934","Psittacanthus","Loranthaceae"
"37936","Quesnelia","Bromeliaceae"
"37940","Siphocampylus","Campanulaceae"
"37944","Velloziela","Orobanchaceae"
"37945","Vriesea","Bromeliaceae"
"38002","Barnadesia","Asteraceae"
"38003","Bejaria","Ericaceae"
"38006","Brachyotum","Melastomataceae"
"38009","Centropogon","Campanulaceae"
"38010","Desfontainea","Columelliaceae"
"38011","Diplostephium","Asteraceae"
"38012","Disterigma","Ericaceae"
"38014","Elleanthus","Orchidaceae"
"38016","Guzmania","Bromeliaceae"
"38018","Macleania","Ericaceae"
"38020","Puya","Bromeliaceae"
"38021","Racinaea","Bromeliaceae"
"38045","Espeletia","Asteraceae"
"38046","Gaiadendron","Loranthaceae"
"38051","Pernettya","Ericaceae"
"38085","Ipomea","Convolvulaceae"
"38088","Aegiphila","Lamiaceae"
"38109","Spirotheca","Malvaceae"
"38122","Hedychium","Zingiberaceae"
"38132","Ischnosiphon","Marantaceae"
"38133","Monotagma","Marantaceae"
"38134","Payparola","Violaceae"
"38135","Pslicourea","Rubiaceae"
"38137","Renealmia","Zingiberaceae"
"38138","Amasonia","Lamiaceae"
"38143","Alloplectus","Gesneriaceae"
"38145","Aphelandra","Acanthaceae"
"38147","Bromelia","Bromeliaceae"
"38148","Calathea","Marantaceae"
"38149","Columnea","Gesneriaceae"
"38150","Costus","Costaceae"
"38151","Drymonia","Gesneriaceae"
"38152","Ferdinandusa","Rubiaceae"
"38153","Gurania","Cucurbitaceae"
"38157","Isertia","Rubiaceae"
"38159","Markea","Solanaceae"
"38166","Pepinia","Bromeliaceae"
"38171","Retiniphyllum","Rubiaceae"
"38172","Ryania","Salicaceae"
"38173","Satyria","Ericaceae"
"38174","Symphonia","Clusiaceae"
"38175","Tabernamontana","Loganiaceae"
"38176","Tachia","Gentianaceae"
"38178","Zygia","Fabaceae"
"38180","Decagonocarpus","Rutaceae"
"38219","Echinodorus","Alismataceae"
"38220","Gomphrena","Amaranthaceae"
"38221","Agapanthus","Amaryllidaceae"
"38222","Anacardium","Anacardiaceae"
"38223","Laserpitium","Apiaceae"
"38224","Carum","Apiaceae"
"38225","Ligusticum","Apiaceae"
"38226","lomatium","Apiaceae"
"38227","pseudocymopterus","Apiaceae"
"38228","Pleurospermum","Apiaceae"
"38229","Lomatium","Apiaceae"
"38230","Bupleurum","Apiaceae"
"38231","Vincetoxicum","Apocynaceae"
"38232","Parsonsia","Apocynaceae"
"38233","Ceropegia","Apocynaceae"
"38234","Syagrus","Arecaceae"
"38235","Anthericum","Asparagaceae"
"38236","Cordyline","Asparagaceae"
"38237","Phormium","Asphodelaceae"
"38238","Buphthalmum","Asteraceae"
"38239","Adenostyles","Asteraceae"
"38240","Tussilago","Asteraceae"
"38241","Homogyne","Asteraceae"
"38242","Carlina","Asteraceae"
"38243","Leontopodium","Asteraceae"
"38244","heliomeris","Asteraceae"
"38245","heterotheca","Asteraceae"
"38246","taraxacum","Asteraceae"
"38247","senecio","Asteraceae"
"38248","erigeron","Asteraceae"
"38249","achillea","Asteraceae"
"38250","solidago","Asteraceae"
"38251","helianthella","Asteraceae"
"38252","Dubyaea","Asteraceae"
"38253","Ixeridium","Asteraceae"
"38254","Jurinea","Asteraceae"
"38255","Leucanthemopsis","Asteraceae"
"38256","Ozothamnus","Asteraceae"
"38257","Symphyotrichum","Asteraceae"
"38258","Melanthera","Asteraceae"
"38259","Artemisia","Asteraceae"
"38260","Blainvillea","Asteraceae"
"38261","Launaea","Asteraceae"
"38262","Schizogyne","Asteraceae"
"38263","Nauplius","Asteraceae"
"38264","mahonia","Berberidaceae"
"38265","Incarvillea","Bignoniaceae"
"38266","Tabebuia","Bignoniaceae"
"38267","Microula","Boraginaceae"
"38268","Onosma","Boraginaceae"
"38269","draba","Brassicaceae"
"38270","boechera","Brassicaceae"
"38271","Thlaspi","Brassicaceae"
"38272","Parolinia","Brassicaceae"
"38273","Jasminocereus","Cactaceae"
"38274","Phyteuma","Campanulaceae"
"38275","campanula","Campanulaceae"
"38276","Cyananthus","Campanulaceae"
"38277","Jasione","Campanulaceae"
"38278","Morina","Caprifoliaceae"
"38279","Leycesteria","Caprifoliaceae"
"38280","Gypsophila","Caryophyllaceae"
"38281","Maytenus","Celastraceae"
"38282","Jacquemontia","Convolvulaceae"
"38283","sedum","Crassulaceae"
"38284","Herpetospermum","Cucurbitaceae"
"38285","Gahnia","Cyperaceae"
"38286","Tiquilia","Ehretiaceae"
"38287","Jatropha","Euphorbiaceae"
"38288","Hippocrepis","Fabaceae"
"38289","vicia","Fabaceae"
"38290","lathyrus","Fabaceae"
"38291","Tibetia","Fabaceae"
"38292","Dalea","Fabaceae"
"38293","Pediomelum","Fabaceae"
"38294","Chaetocalyx","Fabaceae"
"38295","Senna","Fabaceae"
"38296","Peltogyne","Fabaceae"
"38297","Poeppigia","Fabaceae"
"38298","Sesbania","Fabaceae"
"38299","Galactia","Fabaceae"
"38300","Tamarindus","Fabaceae"
"38301","Frankenia","Frankeniaceae"
"38302","gentiana","Gentianaceae"
"38303","Halenia","Gentianaceae"
"38304","Argusia","Heliotropiaceae"
"38305","hydrophyllum","Hydrophyllaceae"
"38306","phacelia","Hydrophyllaceae"
"38307","Betonica","Lamiaceae"
"38308","Origanum","Lamiaceae"
"38309","Elsholtzia","Lamiaceae"
"38310","Dracocephalum","Lamiaceae"
"38311","erythronium","Liliaceae"
"38312","linum","Linaceae"
"38313","Sidastrum","Malvaceae"
"38314","Herissantia","Malvaceae"
"38315","Nymphoides","Menyanthaceae"
"38316","claytonia","Montiaceae"
"38317","Metrosideros","Myrtaceae"
"38318","Lathirus","Fabaceae"
"38319","Euphorbea","Euphorbiaceae"
"38320","Dorichnium","Fabaceae"
"38321","Helichrisum","Asteraceae"
"38322","Acinos","Lamiaceae"
"38323","Asteraceae","Asteraceae"
"38324","mertensia","Boraginaceae"
"38325","arenaria","Caryophyllaceae"
"38326","viola","Violaceae"
"38327","agoceris","Asteraceae"
"38328","Hemistepta","Asteraceae"
"38329","hiesp","Asteraceae"
"38330","hiebla","Asteraceae"
"38331","hiease","Asteraceae"
"38332","Conzya","Asteraceae"
"38333","Dipogon","Fabaceae"
"38334","Heterothe","Asteraceae"
"38335","Erythroxylon","Erythroxylaceae"
"38336","Hydrocleis","Alismataceae"
"38337","Rhaphiodon","Lamiaceae"
"38338","Chlorophora","Moraceae"
"38339","Cereus","Cactaceae"
"38340","Helitropium","Boraginaceae"
"38341",NA,NA
"38342","Desmanthus","Fabaceae"
"38343","Boerhaavia","Nyctaginaceae"
"38344","Lavendula","Lamiaceae"
"38345","Asphaltklee","Fabaceae"
"38346","Neochamaelea","Rutaceae"
"38347","Zilla","Brassicaceae"
"38348","Boerhavia","Nyctaginaceae"
"38349","Dactylorhiza","Orchidaceae"
"38350","Rhinanthus","Orobanchaceae"
"38351","Melampyrum","Orobanchaceae"
"38352","castilleja","Orobanchaceae"
"38353","Kickxia","Plantaginaceae"
"38354","ipomopsis","Polemoniaceae"
"38355","eriogonum","Polygonaceae"
"38356","Soldanella","Primulaceae"
"38357","Androsace","Primulaceae"
"38358","androsace","Primulaceae"
"38359","delphinium","Ranunculaceae"
"38360","Ziziphus","Rhamnaceae"
"38361","Scutia","Rhamnaceae"
"38362","potentilla","Rosaceae"
"38363","rosa","Rosaceae"
"38364","amelanchier","Rosaceae"
"38365","fragaria","Rosaceae"
"38366","Spenceria","Rosaceae"
"38367","galium","Rubiaceae"
"38368","Chiococca","Rubiaceae"
"38369","Rubia","Rubiaceae"
"38370","Santalum","Santalaceae"
"38371","Myoporum","Scrophulariaceae"
"38372","Lycium","Solanaceae"
"38373","Stellera","Thymelaeaceae"
"38374","Melicytus","Violaceae"
